{"cameraMode":{"drawMode":0,"name":"Shaded","section":"Shading Mode"},"sceneLighting":true,"audioPlay":false,"sceneViewState":{"m_AlwaysRefresh":false,"showFog":true,"showSkybox":true,"showFlares":true,"showImageEffects":true,"showParticleSystems":true,"showVisualEffectGraphs":true,"m_FxEnabled":true},"in2DMode":false,"pivot":{"x":-1.0960344076156617,"y":1.9329726696014405,"z":1.1712511777877808},"rotation":{"x":0.004322512075304985,"y":-0.9751949310302734,"z":0.22105081379413606,"w":0.018391352146863939},"size":6.936782360076904,"orthographic":false}