{"cameraMode":{"drawMode":0,"name":"Shaded","section":"Shading Mode"},"sceneLighting":true,"audioPlay":false,"sceneViewState":{"m_AlwaysRefresh":false,"showFog":true,"showSkybox":true,"showFlares":true,"showImageEffects":true,"showParticleSystems":true,"showVisualEffectGraphs":true,"m_FxEnabled":true},"in2DMode":false,"pivot":{"x":-1.5977082252502442,"y":3.0004019737243654,"z":-0.009366035461425782},"rotation":{"x":-0.0010922685032710434,"y":0.9958367347717285,"z":0.011639725416898728,"w":0.09107945114374161},"size":7.016164302825928,"orthographic":false}