{"cameraMode":{"drawMode":0,"name":"Shaded","section":"Shading Mode"},"sceneLighting":true,"audioPlay":false,"sceneViewState":{"m_AlwaysRefresh":false,"showFog":true,"showSkybox":true,"showFlares":true,"showImageEffects":true,"showParticleSystems":true,"showVisualEffectGraphs":true,"m_FxEnabled":true},"in2DMode":false,"pivot":{"x":-0.1711769700050354,"y":0.9594152569770813,"z":-0.1051972284913063},"rotation":{"x":0.23738431930541993,"y":0.6758477091789246,"z":-0.24563656747341157,"w":0.6531208753585815},"size":1.0987462997436524,"orthographic":false}