{"cameraMode":{"drawMode":0,"name":"Shaded","section":"Shading Mode"},"sceneLighting":true,"audioPlay":false,"sceneViewState":{"m_AlwaysRefresh":false,"showFog":true,"showSkybox":true,"showFlares":true,"showImageEffects":true,"showParticleSystems":true,"showVisualEffectGraphs":true,"m_FxEnabled":true},"in2DMode":false,"pivot":{"x":4.041723251342773,"y":3.368438720703125,"z":1.2201576232910157},"rotation":{"x":-0.5207288861274719,"y":0.017156660556793214,"z":-0.010468896478414536,"w":-0.8535215854644775},"size":63.963417053222659,"orthographic":false}